Google Click ID,Conversion Name,Conversion Time,Conversion Value,Conversion Currency,wbraid,gbraid
Cj0KCQiA4eHLBhCzARIsAJ2NZoI0d-Pa0__zis3Hv01ZalYlP846aqXen_6F0oQpvJyKUgb_SH7FrgwaAo0qEALw_wcB,car_searches,2026-01-27 22:44:50-0500,1.44,USD,,
Cj0KCQiA4eHLBhCzARIsAJ2NZoI2En7TLwA0v4hMvP3V3ypvwLd48V4-Mdw28UnEtZ2B3s_G3_r0gksaAg6HEALw_wcB,car_searches,2026-01-27 20:16:23-0500,1.14,USD,,
Cj0KCQiA4eHLBhCzARIsAJ2NZoI3_jJjzxjZph52qw7WjMuVQXdJbxQH9fWj-4V21B1QCRplBvEOlgMaAqjOEALw_wcB,car_searches,2026-01-27 10:22:03-0500,1.47,USD,,
Cj0KCQiA4eHLBhCzARIsAJ2NZoI4w8Jomzk5cAbIFvEGr1bOQXoCQEWJvGcgd6JD-n8Z4mh64TEe0YQaAjz1EALw_wcB,car_searches,2026-01-27 19:40:57-0500,3.21,USD,,
Cj0KCQiA4eHLBhCzARIsAJ2NZoI5Z-mLzrBjUBZBkZSJgq7wfhRH2xtfGb3lZ2BfvvJLDKDOpNVFvAYaAirnEALw_wcB,car_searches,2026-01-27 23:19:45-0500,1.81,USD,,
Cj0KCQiA4eHLBhCzARIsAJ2NZoI78qd2BkP6k-HM348_-p712jSBNaeraSJnFSLTvrXXVTTZNgWJUxsaAuxfEALw_wcB,car_searches,2026-01-27 22:01:06-0500,4.72,USD,,
Cj0KCQiA4eHLBhCzARIsAJ2NZoI7hEn2FQiH8HH_n1HQp3dup8ADz-2KQNeDGNRO9GsMxtQs_gHaffIaAiOpEALw_wcB,car_searches,2026-01-27 06:19:07-0500,2.66,USD,,
Cj0KCQiA4eHLBhCzARIsAJ2NZoI7TW0hFPPQIH_M6XpVEMtu1v79_F_2nMMH3c8RB3osxykMQcru-AEaAjA6EALw_wcB,car_searches,2026-01-27 16:13:22-0500,1.58,USD,,
Cj0KCQiA4eHLBhCzARIsAJ2NZoI8JtHqauy4ANuuC2sSzPp5wFhRE2sNsT-E7eJEFhf-ZeX6T_FR7XoaAqd_EALw_wcB,car_searches,2026-01-27 21:53:59-0500,1.81,USD,,
Cj0KCQiA4eHLBhCzARIsAJ2NZoIALLXn2E95rCaPFoACozPWK6a-7iowEJi-6qhzUdlQedMH7mE1WYEaAjaaEALw_wcB,car_searches,2026-01-27 16:27:57-0500,2.38,USD,,
Cj0KCQiA4eHLBhCzARIsAJ2NZoIAmuCZzW3ZmHzvtJsPyV_8h-CCGtf-Yb4jBk-H_qQVfCvZqf0Avy4aAgm7EALw_wcB,car_searches,2026-01-27 22:30:41-0500,1.61,USD,,
Cj0KCQiA4eHLBhCzARIsAJ2NZoIB9Ex6OQRt6bUXGpYRNuTj_41nZuo1vnlMhAK1GfbJxLgoMC57eFkaAvxGEALw_wcB,car_searches,2026-01-27 11:30:14-0500,0.72,USD,,
Cj0KCQiA4eHLBhCzARIsAJ2NZoIbhg7-v1lFttZ12m2r_72bX_oR0EMFL2d2hkXoEHEDj8QI1lRt0UQaAlCnEALw_wcB,car_searches,2026-01-27 13:53:08-0500,2.96,USD,,
Cj0KCQiA4eHLBhCzARIsAJ2NZoIC4zB_DhrGof5wsBEI_3qUlAVdQHRko28FYecq5d5cxaPpObVqiuAaAtmiEALw_wcB,car_searches,2026-01-27 19:53:49-0500,1.7,USD,,
Cj0KCQiA4eHLBhCzARIsAJ2NZoICBq1pDIs0gmEDdvh7cw6kdaCK5i6DZFSWo2-oh-ZzjgeIkkvcgMkaAv8kEALw_wcB,car_searches,2026-01-27 13:42:19-0500,1.74,USD,,
Cj0KCQiA4eHLBhCzARIsAJ2NZoICiP1lynl3xYn8fKHCGRspol-W_bF28Ybz8yqf8Q6QV37N9LCQeQsaApd8EALw_wcB,car_searches,2026-01-27 21:16:14-0500,6.25,USD,,
Cj0KCQiA4eHLBhCzARIsAJ2NZoIDd9xRmpe1xFcRSDpA5B-wkWFCPaKWk-zBbNIVOqohTqybpvrm_P4aAiwoEALw_wcB,car_searches,2026-01-27 20:33:17-0500,1.61,USD,,
Cj0KCQiA4eHLBhCzARIsAJ2NZoIDIjUMRhWLMBEEkAd7omgQbsqqXGphMKn-fdKKFEWs4mFxwfDu82kaArMVEALw_wcB,car_searches,2026-01-27 07:21:15-0500,4,USD,,
Cj0KCQiA4eHLBhCzARIsAJ2NZoIDji27UT54T72rfcutxLhMPzc04etFHh91Oznhm1SOaNojuF7zd5saApGfEALw_wcB,car_searches,2026-01-27 12:57:05-0500,1.8,USD,,
Cj0KCQiA4eHLBhCzARIsAJ2NZoIdsp9BXj8UvchFcQ0Xgo4xnC_df3maESnjW4cFIJhNSaBor1KgDgQaAtoeEALw_wcB,car_searches,2026-01-27 23:53:02-0500,6.53,USD,,
Cj0KCQiA4eHLBhCzARIsAJ2NZoIEp7gaxiQGaQlETOdIkf2ZPSh3a2ebWd0lHKHiCMMtCvT4cyEB_IwaAhgiEALw_wcB,car_searches,2026-01-27 11:44:56-0500,2.49,USD,,
Cj0KCQiA4eHLBhCzARIsAJ2NZoIfBSqHV9EUIpz3WqzozC9r4u9C2EvI9wZTVIdKkIgv1z0JFraM8-0aAt9aEALw_wcB,car_searches,2026-01-27 13:31:24-0500,1.13,USD,,
Cj0KCQiA4eHLBhCzARIsAJ2NZoIgPoO5-cO56PsfTx926jOag0_cjXuMUHDkcMwJ8C41AUZ-1nivXaoaAmqqEALw_wcB,car_searches,2026-01-27 14:58:27-0500,2.9,USD,,
Cj0KCQiA4eHLBhCzARIsAJ2NZoIgXW4ZoaxZqtDOMt9If_dmttfJO3uwjirhkuRnaKjK8d_vRPXZppAaAj0MEALw_wcB,car_searches,2026-01-27 21:14:16-0500,1.39,USD,,
Cj0KCQiA4eHLBhCzARIsAJ2NZoIIaag_U0ma9pjz7vzQ3g_B-m1_FTSQ6iJJOCrUzfTu8ydRzalEEwIaAorbEALw_wcB,car_searches,2026-01-27 21:25:45-0500,1.12,USD,,
Cj0KCQiA4eHLBhCzARIsAJ2NZoIimDOyPjdPHu0jNY-S-sMfDnqRm0GOEglCLu75XS0xrNkATtcN-gQaAs8rEALw_wcB,car_searches,2026-01-27 16:35:10-0500,1.09,USD,,
Cj0KCQiA4eHLBhCzARIsAJ2NZoIiu1QOG0q_2gOx0k44xhosyIoYU06cY4tmTbIIVG5Jlzb0i8841t8aAoHvEALw_wcB,car_searches,2026-01-27 19:21:20-0500,1.61,USD,,
Cj0KCQiA4eHLBhCzARIsAJ2NZoIJ0ilz2tXdtoaJ0yir8Q7994rwen7xS2hQ6dF2AmuwQGBDW15CrBMaAsdmEALw_wcB,car_searches,2026-01-27 13:12:26-0500,2.67,USD,,
Cj0KCQiA4eHLBhCzARIsAJ2NZoIKM527gMhRclv40L1cnDoU-sISa375da8118TSyPnZwdMwiZuo8rgaApQ5EALw_wcB,car_searches,2026-01-27 07:19:20-0500,6.17,USD,,
Cj0KCQiA4eHLBhCzARIsAJ2NZoIL3W_FgPod79_g9zTITgD--uYbQZ91OSb6BRKABYWrRIQrO0Vqx08aArRTEALw_wcB,car_searches,2026-01-27 22:44:45-0500,1.47,USD,,
Cj0KCQiA4eHLBhCzARIsAJ2NZoIlIL9pwJQgTdqTftJEgFFPFNJZthRDgYesR-ppmz84uwiuUvoeJM0aAsA3EALw_wcB,car_searches,2026-01-27 15:31:57-0500,3.89,USD,,
Cj0KCQiA4eHLBhCzARIsAJ2NZoIMHFJXTbvRxXA6wui5d-9JV0i1Knbo3JLzw9lHvSNdNONesRIKNFsaAvRGEALw_wcB,car_searches,2026-01-27 15:34:11-0500,2.14,USD,,
Cj0KCQiA4eHLBhCzARIsAJ2NZoIMoQDWlUZjgsYGRmw0OH47PzEpLjiRT9rZi_JFjFe835aBB7mlXD0aAn_kEALw_wcB,car_searches,2026-01-27 15:21:17-0500,2.15,USD,,
Cj0KCQiA4eHLBhCzARIsAJ2NZoIoDX7dZeq8iLHmFWtTHRwOzLu8ZETeowwJHGDA52pZOnZ2PGV5I1saAshrEALw_wcB,car_searches,2026-01-27 17:52:51-0500,2.4,USD,,
Cj0KCQiA4eHLBhCzARIsAJ2NZoIolMsYBBu0a4Bz7wo1dooB_NSWPHhHWMFFKWc47WQV_GfD8CxEM1AaAgLyEALw_wcB,car_searches,2026-01-27 10:23:56-0500,3.35,USD,,
Cj0KCQiA4eHLBhCzARIsAJ2NZoIptxAHy12hwJg2rJI-lDIWXJqh17VO_uaUUPF5ZjIWXclGdYVHOSYaArJKEALw_wcB,car_searches,2026-01-27 13:55:05-0500,1.72,USD,,
Cj0KCQiA4eHLBhCzARIsAJ2NZoIPzHuAtitz0ZzWeekQiLLGuNiRGYyXXIP6S4PB1BMDfuhUPiawyKQaAlBwEALw_wcB,car_searches,2026-01-27 11:33:30-0500,1.98,USD,,
Cj0KCQiA4eHLBhCzARIsAJ2NZoIQFF6XNTnPSYx6un_fjUUbYG46_f17JRNrDWG_x0Me6DJeRxL8z7IaAgW9EALw_wcB,car_searches,2026-01-27 20:39:58-0500,7.1,USD,,
Cj0KCQiA4eHLBhCzARIsAJ2NZoIQizF3jcu9QZceg7ibBoUZJ8QJWVADVNhUitvZNTPwADHqLMQ5i9waApvcEALw_wcB,car_searches,2026-01-27 12:31:36-0500,16.37,USD,,
Cj0KCQiA4eHLBhCzARIsAJ2NZoIR86viKlkYPJ8Yvuek-SOslO80lZENTVHNkZss_8qpw5z7GOEDMYAaAqxUEALw_wcB,car_searches,2026-01-27 23:55:04-0500,2.95,USD,,
Cj0KCQiA4eHLBhCzARIsAJ2NZoIs0Gi-9vEz3VTdBw_4ZmYroy778MA3IGsTOd9AQN1mIwfZEJWxXwAaAnflEALw_wcB,car_searches,2026-01-27 11:59:04-0500,2.49,USD,,
Cj0KCQiA4eHLBhCzARIsAJ2NZoIs16UQ1ZOu5jqvA3tOurj_GD1W22j_BF7jzP6_VFon6xjca5XaukoaAtCbEALw_wcB,car_searches,2026-01-27 12:04:46-0500,2.96,USD,,
Cj0KCQiA4eHLBhCzARIsAJ2NZoIS3JjdnKPwWUkrzzES95K6Miafo-GKSu5jwzUQsiBPtTcFXJeHBegaAshrEALw_wcB,car_searches,2026-01-27 10:01:54-0500,1.84,USD,,
Cj0KCQiA4eHLBhCzARIsAJ2NZoItbqsaWxl-qyNLB3n72qMlCm1yvz2d5BUUGsNoTkEvwET8l5J8uCIaAoOxEALw_wcB,car_searches,2026-01-27 17:34:27-0500,2.42,USD,,
Cj0KCQiA4eHLBhCzARIsAJ2NZoITpI7U6I2ujcxWVvVpmW7l4nQGU3qGa9heef7n4K_rl-e2Lbl7n9oaAvaCEALw_wcB,car_searches,2026-01-27 14:10:24-0500,1.94,USD,,
Cj0KCQiA4eHLBhCzARIsAJ2NZoItxC-bJLypVzsmRuA_KH353-QF5q0H-tkr1a8pxKqdQYtvf1Y9HW4aAg27EALw_wcB,car_searches,2026-01-27 23:03:45-0500,1.51,USD,,
Cj0KCQiA4eHLBhCzARIsAJ2NZoIU0PYBWeN50YhYzeO6LB1Enq8QA27ZF1_oStYbzeobbwmu-7LzQlQaAsfOEALw_wcB,car_searches,2026-01-27 15:40:19-0500,2.85,USD,,
Cj0KCQiA4eHLBhCzARIsAJ2NZoIukTOTeB4K_5jFsYpeFQ6vjS8GyMLPfgLaha6MR1O6vVwQqr4RZjUaAkayEALw_wcB,car_searches,2026-01-27 16:10:24-0500,1.61,USD,,
Cj0KCQiA4eHLBhCzARIsAJ2NZoIuLpxtDlbgbPqX32kOcqn8Na6-7_XSkC24AQjnu4FrFaX4ccTOYZoaAow0EALw_wcB,car_searches,2026-01-27 15:23:28-0500,11.45,USD,,
Cj0KCQiA4eHLBhCzARIsAJ2NZoIUP1BNEbjPC0c0po4PYq9tcvCCYOsgcqJw4GrFNJKRMyxTyIV-tmgaAqrbEALw_wcB,car_searches,2026-01-27 17:36:21-0500,3.87,USD,,
Cj0KCQiA4eHLBhCzARIsAJ2NZoIUu27bjG1vtCPQA_u6jz0lFmBvGetYcI8uBbPyqkoUjBanShgxPYoaAtNmEALw_wcB,car_searches,2026-01-27 20:07:55-0500,4.8,USD,,
Cj0KCQiA4eHLBhCzARIsAJ2NZoIWCahQ_78cw9VllqYUiDlHJUlDIF3_eX6EYc0LOZyy9luTCDGXRewaArjhEALw_wcB,car_searches,2026-01-27 16:33:04-0500,4.4,USD,,
Cj0KCQiA4eHLBhCzARIsAJ2NZoIWJIbxFVR_2ZKFW1JihzMunrqiG7TTASDWxmFS9wOODY6Cusnv9EkaAipSEALw_wcB,car_searches,2026-01-27 11:51:23-0500,11.49,USD,,
Cj0KCQiA4eHLBhCzARIsAJ2NZoIWo7_IpaXHxK8bgi2OKATFb6EAIVaimxdnT40Bdrq6eOhiU-qtw20aAnMfEALw_wcB,car_searches,2026-01-27 20:34:30-0500,3.26,USD,,
Cj0KCQiA4eHLBhCzARIsAJ2NZoIXEFKnDBYPcmmrb7YH6uKrlTrsDbYCl8C7FxsN_knQvBJvWbM_E1kaAg1HEALw_wcB,car_searches,2026-01-27 14:32:34-0500,4.6,USD,,
Cj0KCQiA4eHLBhCzARIsAJ2NZoIxo9vx6GW2-vQcwptis5g9ezH2SwG2Sg9aKdDiIWvpeANqBoIapb4aAuOoEALw_wcB,car_searches,2026-01-27 19:16:14-0500,1.8,USD,,
Cj0KCQiA4eHLBhCzARIsAJ2NZoIXXTxholhiie0D4A04hd2PGxLtXNvTNZumx5NCwxz9s-CYZQyGkRMaAvYMEALw_wcB,car_searches,2026-01-27 09:22:54-0500,3.62,USD,,
Cj0KCQiA4eHLBhCzARIsAJ2NZoIz62PV4leaAkdldz1nUWaW2hECbE5KVB7SoqAmNm33wsVetYqBZg4aAsaQEALw_wcB,car_searches,2026-01-27 17:59:19-0500,1.44,USD,,
Cj0KCQiA4eHLBhCzARIsAJ2NZoIzTDunBeiP0TGuz5Tsmv9XY0HwYhf6d-VD3kohdS1rPyHI_44WaTkaApWmEALw_wcB,car_searches,2026-01-27 12:53:04-0500,5.92,USD,,
Cj0KCQiA4eHLBhCzARIsAJ2NZoIZwd-2EKwfUUUfFW1nCPKkmXs4sxe6WFrUB1fZEyaoHgexrmX374QaAni-EALw_wcB,car_searches,2026-01-27 13:54:59-0500,1.03,USD,,
Cj0KCQiA4eHLBhCzARIsAJ2NZoJ-7SrRbP49eYox0-WQ-71_jrtHaQjRF-8P6pprVkQb3SZdCOgWnnwaAj6BEALw_wcB,car_searches,2026-01-27 17:24:31-0500,1.81,USD,,
Cj0KCQiA4eHLBhCzARIsAJ2NZoJ-teswRww2vpe9JO0Q2uBxlUDnVe6yOzTA6zBlXf4sLeIpKpBL59waAqqFEALw_wcB,car_searches,2026-01-27 19:55:51-0500,1.13,USD,,
Cj0KCQiA4eHLBhCzARIsAJ2NZoJ1_Isbqlyv7uI8cZ6ZKA_viMBKlcXJJtwDJ_CJS54TWRJpLyALsskaAhNXEALw_wcB,car_searches,2026-01-27 09:21:10-0500,9.01,USD,,
Cj0KCQiA4eHLBhCzARIsAJ2NZoJ1cD4UgpAyd2Q-dCEvkhWdFv2s8cuA3X9FF4eyTZnSWJltubtlzTIaAub_EALw_wcB,car_searches,2026-01-27 05:20:36-0500,2.75,USD,,
Cj0KCQiA4eHLBhCzARIsAJ2NZoJ1YTODshZftsvF5ZbXVXMHj51hIgC0cRqWEYqWH2JuLBrVjt-Sqb8aAm1TEALw_wcB,car_searches,2026-01-27 14:14:17-0500,1.58,USD,,
Cj0KCQiA4eHLBhCzARIsAJ2NZoJ21XvkaMOsCtN5uUZLDyBELlj-odY692LrcFC7StwJ4XErPRMM4WIaAiGREALw_wcB,car_searches,2026-01-27 22:08:27-0500,1.47,USD,,
Cj0KCQiA4eHLBhCzARIsAJ2NZoJ2ui81eLE-6CHmmkohHFeMuWAiWAsy_k_AikZlCEMQss8as4Z4VLgaAozaEALw_wcB,car_searches,2026-01-27 21:50:53-0500,1.47,USD,,
Cj0KCQiA4eHLBhCzARIsAJ2NZoJ3-KVsiqMydUHVzujhAuC7e6tm3me20xlqFzvE1ucZMTOhulVr9ecaArLBEALw_wcB,car_searches,2026-01-27 12:33:36-0500,1.57,USD,,
Cj0KCQiA4eHLBhCzARIsAJ2NZoJ3qtp5KUL33IN6f6DGKWLI0P7hj3QJvy63X177vlpTRWAPVvxbey4aAtS2EALw_wcB,car_searches,2026-01-27 18:32:21-0500,1.09,USD,,
Cj0KCQiA4eHLBhCzARIsAJ2NZoJ4hUQBb0Jeuv_e_BhDu_HYK6j9xDo1uabxNc7_jQNmTapRGanzWIkaAsH-EALw_wcB,car_searches,2026-01-27 17:40:24-0500,2.48,USD,,
Cj0KCQiA4eHLBhCzARIsAJ2NZoJ5c21NR7HL7GmWiSWrSuGrKTDg3QM8uKVugAvhCoUr8sBlg0K8X-8aAhDAEALw_wcB,car_searches,2026-01-27 22:28:57-0500,1.8,USD,,
Cj0KCQiA4eHLBhCzARIsAJ2NZoJ72E1NbM4RfQUD7OdzQW8iLyLdI8abqHJ8ui2V72Mi_wXtie6osmAaAiz5EALw_wcB,car_searches,2026-01-27 23:22:53-0500,1.8,USD,,
Cj0KCQiA4eHLBhCzARIsAJ2NZoJbB15Rv7jU6WfVyRyirpOiZpMPQ4Iy5_I1U71FcIIdOZSIHJ9BpPAaAgbJEALw_wcB,car_searches,2026-01-27 22:06:07-0500,2.26,USD,,
Cj0KCQiA4eHLBhCzARIsAJ2NZoJBm3BuS8qv2KZnopXjOX2-uD6yv-XZ1WOFFfiarTmkyCkk2o5mC08aAkLwEALw_wcB,car_searches,2026-01-27 17:03:57-0500,1.44,USD,,
Cj0KCQiA4eHLBhCzARIsAJ2NZoJCM2hbBULc5V99FEMer_AyxnTZgGZvhdat90KoMTiEt_gti4FPTkgaAlJNEALw_wcB,car_searches,2026-01-27 21:50:28-0500,2.19,USD,,
Cj0KCQiA4eHLBhCzARIsAJ2NZoJCSLVWKbYAwkmDj3mmI_LuwbbuTVZx9TwQlxPKv3nRUnwmQ417wNgaAgYYEALw_wcB,car_searches,2026-01-27 12:20:34-0500,5.81,USD,,
Cj0KCQiA4eHLBhCzARIsAJ2NZoJD-wh_dsqcTUzftk0qG38Bdw__R58Az__as9-g68UWrKRCl_7DIIEaAk3dEALw_wcB,car_searches,2026-01-27 16:16:20-0500,5.05,USD,,
Cj0KCQiA4eHLBhCzARIsAJ2NZoJeCKv6U7qWQmaL1SRvXyvUX5soeXcEegt0whPKdhD3EJzS3GIPn7AaAiK6EALw_wcB,car_searches,2026-01-27 12:58:49-0500,1.49,USD,,
Cj0KCQiA4eHLBhCzARIsAJ2NZoJFatt4Dttcrkxillq1L4oHFSFIV9IJxqesBLPh0dxADRhhrvHeo_kaAm9PEALw_wcB,car_searches,2026-01-27 16:45:02-0500,1.12,USD,,
Cj0KCQiA4eHLBhCzARIsAJ2NZoJfLGXcvUKg18eCQy-DAMFPzjVrlcwW9-mbYHqSTpYH4g62oOR2zL0aAu3BEALw_wcB,car_searches,2026-01-27 17:47:48-0500,2.03,USD,,
Cj0KCQiA4eHLBhCzARIsAJ2NZoJh7pzDU5SYPbDPgwjU4MCzXZ4I9eouKfVUxGUm06g8T-lBVV4a5FsaApvPEALw_wcB,car_searches,2026-01-27 22:28:59-0500,4.88,USD,,
Cj0KCQiA4eHLBhCzARIsAJ2NZoJH7uopb8afZC5LxLeeYaL3L79UK5Ek1fCTu2yl2cL8oW8u3ut5sk0aAjLYEALw_wcB,car_searches,2026-01-27 13:01:08-0500,2.1,USD,,
Cj0KCQiA4eHLBhCzARIsAJ2NZoJISiD0vC520ebKsb7nh7nYAC6LZRjx62AXH3eQ7w9q-bqgzjxMLN4aAv3hEALw_wcB,car_searches,2026-01-27 04:24:54-0500,1.21,USD,,
Cj0KCQiA4eHLBhCzARIsAJ2NZoJJpDubIOixfK_UfWjbm4g-1_gYi-GeldFP6_Po3tRq2Loixlqh33caAnZrEALw_wcB,car_searches,2026-01-27 17:45:33-0500,1.8,USD,,
Cj0KCQiA4eHLBhCzARIsAJ2NZoJlka5iQA3PSpTuUUmUKglAWfHEJc1sT-Ot2LO9INaY54Upz0Jo9HUaArmmEALw_wcB,car_searches,2026-01-27 12:25:39-0500,1.09,USD,,
Cj0KCQiA4eHLBhCzARIsAJ2NZoJMhOLZBDJxdcezBzCSE7-s21bI_vh4ZRLfp0K7-D49K8ePSz1eCz4aAm3BEALw_wcB,car_searches,2026-01-27 08:44:42-0500,6.91,USD,,
Cj0KCQiA4eHLBhCzARIsAJ2NZoJMnszlW5eD2NrvDQVnkXubxGdQVIsxzDzEPsQcPL8shxo-ysIGxGwaAnnQEALw_wcB,car_searches,2026-01-27 12:52:52-0500,6.2,USD,,
Cj0KCQiA4eHLBhCzARIsAJ2NZoJMqOoJPI-lN9MMmMk3Qs8-GoX2fEpVOVAUv-0UM13B5IREaYT4EeYaAmLMEALw_wcB,car_searches,2026-01-27 21:51:24-0500,1.09,USD,,
Cj0KCQiA4eHLBhCzARIsAJ2NZoJn2vkfaQBVpoJuqzCRBVrCsfx-DWa178K7w5eMHhaFUOBj4uBou9oaAiKCEALw_wcB,car_searches,2026-01-27 14:33:55-0500,2.4,USD,,
Cj0KCQiA4eHLBhCzARIsAJ2NZoJn82dLS_-FMM-SnoHhoK5tWDw0Yd2V3C2uNu1YVj0geubT5glBSTQaAsBZEALw_wcB,car_searches,2026-01-27 21:29:29-0500,2.4,USD,,
Cj0KCQiA4eHLBhCzARIsAJ2NZoJn9xdZ8x-26tFNqp5eO27RJf73kHRWItxdKSXzbradRAGR1Sg4fqoaAqoSEALw_wcB,car_searches,2026-01-27 12:43:48-0500,7.34,USD,,
Cj0KCQiA4eHLBhCzARIsAJ2NZoJnkv7O1JaJhKzLAskFuTV0mbIx_aW1hDqqqAM40-h63nh5Pznjr7gaAmczEALw_wcB,car_searches,2026-01-27 19:45:03-0500,2.37,USD,,
Cj0KCQiA4eHLBhCzARIsAJ2NZoJoKkj4IUDRkFLcRdiuKv7wFLiog3guw6WGYe4rVDVec2GhIU17SiAaAp1WEALw_wcB,car_searches,2026-01-27 13:34:19-0500,3.62,USD,,
Cj0KCQiA4eHLBhCzARIsAJ2NZoJoqHklYLN93l3ECkbb1QqHdI0cBKZ1BB3lHbOiU-hoU84uHmY4xDkaAlDKEALw_wcB,car_searches,2026-01-27 22:34:57-0500,3.34,USD,,
Cj0KCQiA4eHLBhCzARIsAJ2NZoJQ-c-2lSQ5IaRmWR-WdRKyPpeXnwlAjvX3lzcFTh9ULKUSFy_g-WsaAuUOEALw_wcB,car_searches,2026-01-27 23:48:28-0500,1.8,USD,,
Cj0KCQiA4eHLBhCzARIsAJ2NZoJQJFfxGBWYz2iOEiwevEil4j8n9z1xq25qP0FoTudIaWsUQEuv_mUaAh9iEALw_wcB,car_searches,2026-01-27 20:49:26-0500,4.8,USD,,
Cj0KCQiA4eHLBhCzARIsAJ2NZoJR2S-9e5dB_Fc0TGWPY4MyTIC70l6taFgOISF3UCe2BtZ87anuZJ8aAi64EALw_wcB,car_searches,2026-01-27 19:25:10-0500,1.47,USD,,
Cj0KCQiA4eHLBhCzARIsAJ2NZoJRA_qcexmH8RHJGfH7T9in_mvDgnm4c72TyV-J43WO3VBhlEKG-dcaAkF_EALw_wcB,car_searches,2026-01-27 21:19:24-0500,5.18,USD,,
Cj0KCQiA4eHLBhCzARIsAJ2NZoJsNgZAPMIC_rH5cjqSVdkkUZlYs4LCGQLECg4buQX_QCYlCBHjYa4aAr7kEALw_wcB,car_searches,2026-01-27 09:50:54-0500,2.04,USD,,
Cj0KCQiA4eHLBhCzARIsAJ2NZoJsYroYfshlLN0bmI8Sn0TkbZjBY8Cg-5q8siA_Vh0Vr2ZnVxO1YDIaArm2EALw_wcB,car_searches,2026-01-27 21:03:35-0500,5.37,USD,,
Cj0KCQiA4eHLBhCzARIsAJ2NZoJTb5_GmWE-shUya8hHzlGmoJhqTEGvmT_V7yo_7k72VvIiwhPspq4aAvAkEALw_wcB,car_searches,2026-01-27 08:11:32-0500,2.44,USD,,
Cj0KCQiA4eHLBhCzARIsAJ2NZoJU2eC7OiS4lEK3IWYroGFF2xyY7EO_pOEwJB-gfowa5TqdPbHkXf0aAiUsEALw_wcB,car_searches,2026-01-27 11:12:53-0500,1.47,USD,,
Cj0KCQiA4eHLBhCzARIsAJ2NZoJu5CENzaaSzPOj48T3YWBFz191-8z28gC0MgGalvoY5zu0m2Dl_u4aApmsEALw_wcB,car_searches,2026-01-27 15:47:03-0500,1.95,USD,,
Cj0KCQiA4eHLBhCzARIsAJ2NZoJuIHBbHh4Rmvb4IqO0mO4dlrtNaBCtgEKJgaC41-XNStYEvn0QNU0aAij1EALw_wcB,car_searches,2026-01-27 09:41:14-0500,5,USD,,
Cj0KCQiA4eHLBhCzARIsAJ2NZoJwjXGCMukSLW2ftxnUiV3phVhCUcT8lxJ2aX_pVsoFEnn1Rq5nBPIaAr8jEALw_wcB,car_searches,2026-01-27 22:10:02-0500,3.97,USD,,
Cj0KCQiA4eHLBhCzARIsAJ2NZoJY711B3qaZOwmzmdn6hWPg5oujpL5f2Xtgol1Fy_O5ut9lfsazuvQaAst7EALw_wcB,car_searches,2026-01-27 23:05:16-0500,2.68,USD,,
Cj0KCQiA4eHLBhCzARIsAJ2NZoJy7ByanFOny3_CRwGU9v6g5wWaDSd_AVjfolBOlLW-9L4D0CGdAnoaAt2nEALw_wcB,car_searches,2026-01-27 15:40:03-0500,1.47,USD,,
Cj0KCQiA4eHLBhCzARIsAJ2NZoJyg0ZJZvjNFglxrCIGvmfXN2B35nrsxHnqrZfbtw69VTY14F2a3LYaAlLiEALw_wcB,car_searches,2026-01-27 11:56:24-0500,4.46,USD,,
Cj0KCQiA4eHLBhCzARIsAJ2NZoJYHFhxdJ5aIU4SpbbT_8ZlXbbKlt9X0pitX0NOI7YtkuuBHhEMDWgaAhacEALw_wcB,car_searches,2026-01-27 17:14:59-0500,6.62,USD,,
Cj0KCQiA4eHLBhCzARIsAJ2NZoJYXz3jIyEPsi6nu7y_ucN-h0Rdv1mMtuJ82vYjHRDLAAF0RKmcg8oaAoprEALw_wcB,car_searches,2026-01-27 18:19:08-0500,1.09,USD,,
Cj0KCQiA4eHLBhCzARIsAJ2NZoK-xThP5p-nycMTT2JXEqjlpHd0ue8rb26eoLjyPXW8h8_9EBUd2xkaAvWyEALw_wcB,car_searches,2026-01-27 15:43:33-0500,1.41,USD,,
Cj0KCQiA4eHLBhCzARIsAJ2NZoK0EDVzA2xbKU_pZ-0cQjYceEmKEBnIBzXws4xrZE_l_D8cLsnSQdUaAvCUEALw_wcB,car_searches,2026-01-27 18:45:20-0500,0.72,USD,,
Cj0KCQiA4eHLBhCzARIsAJ2NZoK4o6RE-azr279NbZUYQuoFR0AwH8x-BmQBIqGTr75nSvavyXtpujMaAue9EALw_wcB,car_searches,2026-01-27 10:44:28-0500,1.2,USD,,
Cj0KCQiA4eHLBhCzARIsAJ2NZoK4WrhINIkshEy6YJVwgnkWeC5B7BhTkPj1u_aV5q_9fU8IjD-L5asaAoRJEALw_wcB,car_searches,2026-01-27 14:02:55-0500,1.47,USD,,
Cj0KCQiA4eHLBhCzARIsAJ2NZoK7TDTZ7Gog59L8lK8fYusEBIdyT0s3n6L8x1gT-oMil-GMP50zKCIaAm_IEALw_wcB,car_searches,2026-01-27 16:13:26-0500,3.16,USD,,
Cj0KCQiA4eHLBhCzARIsAJ2NZoK9FVWXh7ZUdezmfhx1nr1YkV7LIBxNmQ2QtD_7dTwzQZSgXRwmpWYaAov-EALw_wcB,car_searches,2026-01-27 21:11:09-0500,1.47,USD,,
Cj0KCQiA4eHLBhCzARIsAJ2NZoKb2ppM6M1mvzvc41MHvdvnLUwfIjwWJ45sCtSWila8pkhxMN2lTxkaAmyJEALw_wcB,car_searches,2026-01-27 15:33:17-0500,1.47,USD,,
Cj0KCQiA4eHLBhCzARIsAJ2NZoKBe1o0AvKiQQgXJSFzXjQ2ssA8YvPqRgb71FoXacvqxZyHBRh5QnQaAsHXEALw_wcB,car_searches,2026-01-27 21:33:43-0500,4.89,USD,,
Cj0KCQiA4eHLBhCzARIsAJ2NZoKBjVPXSjVWao19iYszoqvr-rr320DCCXqYO4tv1Hxc_RsRMScAjyIaAuWrEALw_wcB,car_searches,2026-01-27 14:59:52-0500,3.66,USD,,
Cj0KCQiA4eHLBhCzARIsAJ2NZoKBZSqgMUxc3bvL3Ps0EuC08bXlEmY4FAE7hqrRdkM82-dQIxAvHAwaAr8LEALw_wcB,car_searches,2026-01-27 16:37:47-0500,0.79,USD,,
Cj0KCQiA4eHLBhCzARIsAJ2NZoKcuz59pavVOsjVj8tzrKOaTAnehYtJ50DiQDcgeFMFtG5j8kRxE6AaAjnAEALw_wcB,car_searches,2026-01-27 09:47:38-0500,2.41,USD,,
Cj0KCQiA4eHLBhCzARIsAJ2NZoKFGQt4JrncDjdOqB_cR5j-xd3NcPew_XKNB5cjUOfwMU_mvl-7WqoaAt61EALw_wcB,car_searches,2026-01-27 21:36:58-0500,1.22,USD,,
Cj0KCQiA4eHLBhCzARIsAJ2NZoKG7wK3ngwFZobe9ik305PasB9_j4bJZ76N2O6kZB6AbtROZYVfzdQaAqyxEALw_wcB,car_searches,2026-01-27 16:41:27-0500,2.94,USD,,
Cj0KCQiA4eHLBhCzARIsAJ2NZoKGGZPB_RyDia2RDD4pQeTdHlunjsEby45zNqRtBkmJ-gzfQs5Uq_MaAuxqEALw_wcB,car_searches,2026-01-27 23:50:46-0500,1.47,USD,,
Cj0KCQiA4eHLBhCzARIsAJ2NZoKGi7ngXZKuIPz5cHoMbO2Syw9SRh6tJmYhywiTZ8h9Bjd9spMAu4EaAqfIEALw_wcB,car_searches,2026-01-27 05:29:29-0500,1.81,USD,,
Cj0KCQiA4eHLBhCzARIsAJ2NZoKH4n9r8fJBXQPnfs100jyiLvUm2DeRBnuU9-l1m_xab6bb_uTaVDIaAnDEEALw_wcB,car_searches,2026-01-27 21:06:12-0500,1.44,USD,,
Cj0KCQiA4eHLBhCzARIsAJ2NZoKhcMfxFzvTlWQf2hT1atrwlI1icK4lVa2k7tIvDJmMQuHSpV8Q9rkaAiL4EALw_wcB,car_searches,2026-01-27 21:56:16-0500,1.78,USD,,
Cj0KCQiA4eHLBhCzARIsAJ2NZoKHjAErFrP79V9zw5pBbi_2SP_6xQ6w4JBziA8jXvebwu1ZIP4BefsaAojfEALw_wcB,car_searches,2026-01-27 19:35:59-0500,6.97,USD,,
Cj0KCQiA4eHLBhCzARIsAJ2NZoKi6TZOCER2aOsLAmg9O_9jYIjbUyRNQtUNu7uxTX1zsdJwWCygE_EaAhFtEALw_wcB,car_searches,2026-01-27 05:47:52-0500,3.4,USD,,
Cj0KCQiA4eHLBhCzARIsAJ2NZoKiB9slx1ZgLuX_JgvC_pjK7GQIfWHjmJDdSu4hbM6GSpdoBTTuvF4aAqKZEALw_wcB,car_searches,2026-01-27 14:44:58-0500,2.4,USD,,
Cj0KCQiA4eHLBhCzARIsAJ2NZoKiKK4Pz5KKz51woH2ZfePPaUSPwNAlmau3pNNp6mBqCHLkfZiBwEIaAoo9EALw_wcB,car_searches,2026-01-27 14:21:45-0500,1.78,USD,,
Cj0KCQiA4eHLBhCzARIsAJ2NZoKjkeneXAaPnPZ0iX6eMJtyUQNUYZBec07Krgw-uk4Brk_5NnOSGg4aAtgcEALw_wcB,car_searches,2026-01-27 19:06:24-0500,1.82,USD,,
Cj0KCQiA4eHLBhCzARIsAJ2NZoKjXorzv6PEEEkAyh7CzF-fbgdKUwLo29pKjB-ktReAhikPqkOFuHcaArItEALw_wcB,car_searches,2026-01-27 20:55:39-0500,1.5,USD,,
Cj0KCQiA4eHLBhCzARIsAJ2NZoKLuliCSyzW6cZX3xWUErDtTn46m-ZZMw_dDW_aIp0QT2-lCaPqkDIaAhV9EALw_wcB,car_searches,2026-01-27 13:35:21-0500,2.15,USD,,
Cj0KCQiA4eHLBhCzARIsAJ2NZoKNCNHwl_NqQ3WMRQExVXDPfjGKnNV6gPZv51C3Qh5O8j1zMZRLB4waAr7TEALw_wcB,car_searches,2026-01-27 20:04:15-0500,1.6,USD,,
Cj0KCQiA4eHLBhCzARIsAJ2NZoKNzi1j0QZwRIiljcnTf7K2_3ENBRk1kFpLnAomEAzO6CSbhxFxpWQaAtthEALw_wcB,car_searches,2026-01-27 17:09:19-0500,1.33,USD,,
Cj0KCQiA4eHLBhCzARIsAJ2NZoKPrSKSUdKUYTjb9CpfwOc8LmTS2_q2QHkPzoHhSC5GCDGI5RamOmoaAgyyEALw_wcB,car_searches,2026-01-27 15:18:23-0500,2.57,USD,,
Cj0KCQiA4eHLBhCzARIsAJ2NZoKpsq1LYzbrfydO7Nx_6ifg1z0lVPNj4wHGdpa8EgH3bpm06cIBbj8aArkjEALw_wcB,car_searches,2026-01-27 21:49:46-0500,1.61,USD,,
Cj0KCQiA4eHLBhCzARIsAJ2NZoKqLbVkZEeDrp0mKVNP5xjnP4fl2uchd1EtLpCneq8o7a0PkovlrvUaAjqPEALw_wcB,car_searches,2026-01-27 12:28:59-0500,6.89,USD,,
Cj0KCQiA4eHLBhCzARIsAJ2NZoKrob26ylOHhrOJnmIcJjRsgqRxz6EEQ6e6TNGu8csqyQW5qrm4vZUaAthFEALw_wcB,car_searches,2026-01-27 22:13:16-0500,2.51,USD,,
Cj0KCQiA4eHLBhCzARIsAJ2NZoKtBmArcefWKM2BEjyKznL3czplmfh2xxPfObUu-SiEW57Ltg2ERpUaAnwuEALw_wcB,car_searches,2026-01-27 19:03:35-0500,1.09,USD,,
Cj0KCQiA4eHLBhCzARIsAJ2NZoKtdkASMDSLalgxR1rs8cDBmztn2bIodIHhqAJgOn4uTQeBCOy2maYaAjDHEALw_wcB,car_searches,2026-01-27 18:20:28-0500,2.93,USD,,
Cj0KCQiA4eHLBhCzARIsAJ2NZoKtuFDvk7NHmdx3HURAL3vI4xywthexBGYkEwoyMmBJ5HicK4Ie7sIaAhmEEALw_wcB,car_searches,2026-01-27 13:58:20-0500,1.8,USD,,
Cj0KCQiA4eHLBhCzARIsAJ2NZoKudLGrgsyfzQLRvAnRJWrnOv7TIrUt-P-MyQ8V6641CFepwosV-W4aAvFiEALw_wcB,car_searches,2026-01-27 14:38:36-0500,3.04,USD,,
Cj0KCQiA4eHLBhCzARIsAJ2NZoKue__KPVSs9ovHtvNVI8cMrxwFKv2b64NeeJeWdz786RUQPv8GjYYaAvzlEALw_wcB,car_searches,2026-01-27 22:24:46-0500,2.85,USD,,
Cj0KCQiA4eHLBhCzARIsAJ2NZoKvxKmWZTJv8H8JSLhA0TZSuVySvnZdZSOqhZx6FptS0S5uNHD52YsaAl0OEALw_wcB,car_searches,2026-01-27 11:00:49-0500,3.94,USD,,
Cj0KCQiA4eHLBhCzARIsAJ2NZoKVXYd-v8aFEFNkwlyl9IqiqeVynwD1aFVzoV6G2vun0e9rYgL47TEaAhCFEALw_wcB,car_searches,2026-01-27 09:38:40-0500,7.54,USD,,
Cj0KCQiA4eHLBhCzARIsAJ2NZoKw5xkyDN78pLsoVaItWxpM6HJZye-zN6Qfz-TkLMQm2YaKvmPhvvUaAsCPEALw_wcB,car_searches,2026-01-27 21:03:09-0500,1.81,USD,,
Cj0KCQiA4eHLBhCzARIsAJ2NZoKW68tZqltZjtODNSfSQgNO5lvWYRUYh54nJO64l4GpqV0OFdUYcOQaAudJEALw_wcB,car_searches,2026-01-27 17:05:17-0500,3.31,USD,,
Cj0KCQiA4eHLBhCzARIsAJ2NZoKWEsII7AnB-LsnaT81fAHuox2pm_JfwIirrYFCCUSb4Q7RFYChOucaAjRDEALw_wcB,car_searches,2026-01-27 13:09:09-0500,1.49,USD,,
Cj0KCQiA4eHLBhCzARIsAJ2NZoKxPXZ89tfbOw1cHN6bEHfKIHvbGSgBupLky-63q71AljHd9EMZ1BkaAvHmEALw_wcB,car_searches,2026-01-27 10:29:57-0500,5.38,USD,,
Cj0KCQiA4eHLBhCzARIsAJ2NZoKYWPiu0UV_2BCbqRO9V-F_LuXbR0tvym2PkMi1XozRdrhY4ObI7OsaAhp6EALw_wcB,car_searches,2026-01-27 22:15:17-0500,1.5,USD,,
Cj0KCQiA4eHLBhCzARIsAJ2NZoKyWUN7M7jxJI_q6o9WL8bYTlhO6MRb1TTS8hw4uz92iJnTrDoZAj8aAosLEALw_wcB,car_searches,2026-01-27 10:19:33-0500,5.16,USD,,
Cj0KCQiA4eHLBhCzARIsAJ2NZoKyXXKqgnpPoRylaRI6kS__ph0DrR_w7QlQdjRrw-3JGsOuk7qaiscaAkmREALw_wcB,car_searches,2026-01-27 15:20:02-0500,0.58,USD,,
Cj0KCQiA4eHLBhCzARIsAJ2NZoKzHnA8ayLEFausldf_EwixcblqyWs76I4MKOswd060ATvK40OE6LUaAlYaEALw_wcB,car_searches,2026-01-27 19:05:54-0500,1.09,USD,,
Cj0KCQiA4eHLBhCzARIsAJ2NZoL0Xn-lYhiHeAnmFFLiuxbTnSi9DxUCWFUCjQkpN7bqOSHAGqmZugMaAhFMEALw_wcB,car_searches,2026-01-27 12:35:57-0500,5.62,USD,,
Cj0KCQiA4eHLBhCzARIsAJ2NZoL2eC5ojtzb2fHD1MwsXJ5SBnYmojL43LXRAMq0GJqLU94WRs1PvGsaAvn8EALw_wcB,car_searches,2026-01-27 17:41:55-0500,1.6,USD,,
Cj0KCQiA4eHLBhCzARIsAJ2NZoL3GBFiK9lz6PIUiwg8YwjM8dz8At5MHoCPMmFOgGKZIirMJKL_78AaAhp6EALw_wcB,car_searches,2026-01-27 10:43:25-0500,3.7,USD,,
Cj0KCQiA4eHLBhCzARIsAJ2NZoL3L4IXljJj5Swc0gH_GR0dnhivZsYPfvyMsVYFC8G3Dwc19S9crRcaAsAcEALw_wcB,car_searches,2026-01-27 20:34:27-0500,1.78,USD,,
Cj0KCQiA4eHLBhCzARIsAJ2NZoL4gWHIXntCUtIioOjT441Y-w_L2ByuO9O417Lbem4FNZe8UfvZGOIaAoN5EALw_wcB,car_searches,2026-01-27 23:34:13-0500,1.57,USD,,
Cj0KCQiA4eHLBhCzARIsAJ2NZoL4oMrNQ7awFzzCvl0m_oSSPk-BC7N-HsGkJh0mrpNAorq6z8ZOFd4aAiybEALw_wcB,car_searches,2026-01-27 22:04:05-0500,2.83,USD,,
Cj0KCQiA4eHLBhCzARIsAJ2NZoL5c6ZH1vks9PWcJQSmpqFD_-3tqGXzhZFBaFWaoBccM1arn4znETAaArYwEALw_wcB,car_searches,2026-01-27 21:02:18-0500,4.42,USD,,
Cj0KCQiA4eHLBhCzARIsAJ2NZoL5EJ1i1mEk5FmALl5DnsFIBYOy-pdM7qnW4z-xGtat7yV8RyBtIdwaAjRSEALw_wcB,car_searches,2026-01-27 13:38:37-0500,2.41,USD,,
Cj0KCQiA4eHLBhCzARIsAJ2NZoL9A2g0LKz6Z2L-LwXFO5ir1C9ko_YtK1b4fbf2G2teO2mZ0nTriPgaAu24EALw_wcB,car_searches,2026-01-27 18:09:09-0500,3.18,USD,,
Cj0KCQiA4eHLBhCzARIsAJ2NZoLAwRU3UYeN2Fgz0_r4_E-KKP_F4rySnXST91tMo_a6c6Q0fE_NFTEaAnZsEALw_wcB,car_searches,2026-01-27 19:54:27-0500,4.1,USD,,
Cj0KCQiA4eHLBhCzARIsAJ2NZoLCYC3aIdwUxdmnCqqJ1bZPw4n67fSQciyMxfjfr4ISJuYI9mBmHs8aAvpzEALw_wcB,car_searches,2026-01-27 18:04:05-0500,8.85,USD,,
Cj0KCQiA4eHLBhCzARIsAJ2NZoLDNCU-Vsqg5hMv0faTQHfnl8Xu0JjH1uNUuAknt99gvPI_U9HRvyAaAqa_EALw_wcB,car_searches,2026-01-27 20:17:50-0500,0.55,USD,,
Cj0KCQiA4eHLBhCzARIsAJ2NZoLfOmQs-a2jZEGPHsuX1ttzuTQi8Zn8ubQtJOZ93noSUqB7F2Mf7IsaAnRkEALw_wcB,car_searches,2026-01-27 14:32:03-0500,2.12,USD,,
Cj0KCQiA4eHLBhCzARIsAJ2NZoLGrnf1mYdoqWtG96GuGv6rrVpZn1w5HacvtMRC2lSDtD9GbUy7YJIaAhCnEALw_wcB,car_searches,2026-01-27 16:35:56-0500,1.88,USD,,
Cj0KCQiA4eHLBhCzARIsAJ2NZoLhX2JlrVNTn7pt8d3UZd-WbtcwyOKCCHT8Pciro5AyuX4Mco8y15YaAiimEALw_wcB,car_searches,2026-01-27 16:33:41-0500,4.82,USD,,
Cj0KCQiA4eHLBhCzARIsAJ2NZoLJ-Jr7T0tjvBZgCVrdyVmNRGo8OEMQVW_Se4fStInPUV53y6AH_6YaAqsHEALw_wcB,car_searches,2026-01-27 18:43:06-0500,1.66,USD,,
Cj0KCQiA4eHLBhCzARIsAJ2NZoLk6kFT3x65yR_xYqV_aj0dcKEbZT2cISHO6B5ahCj0IhD7nZCRNSUaAsNVEALw_wcB,car_searches,2026-01-27 13:36:48-0500,4.08,USD,,
Cj0KCQiA4eHLBhCzARIsAJ2NZoLKjawsi3Eg16RUhsRWlamNKkFaTfG6w6XHlWONq0wRLLDF9qAupgoaAi9JEALw_wcB,car_searches,2026-01-27 16:24:10-0500,2.68,USD,,
Cj0KCQiA4eHLBhCzARIsAJ2NZoLKkDGIVVEwGa7O7Kqs2YaqAWL-0BMxKg0-H6jK2vIJuzS-oBhYS5gaAkqrEALw_wcB,car_searches,2026-01-27 10:53:27-0500,3.84,USD,,
Cj0KCQiA4eHLBhCzARIsAJ2NZoLL1wq3ABdN4kLmblQ4Zb50WV1UI_yGQqyP-GdwXrp7kDJXPx6XUNoaAmA0EALw_wcB,car_searches,2026-01-27 20:27:21-0500,1.7,USD,,
Cj0KCQiA4eHLBhCzARIsAJ2NZoLLjcnxKUyQbWp3_AhdDY_ZkYQc5WcQYj5GcvlIi5rP7VF-h8Jl2EcaAootEALw_wcB,car_searches,2026-01-27 17:31:06-0500,1.44,USD,,
Cj0KCQiA4eHLBhCzARIsAJ2NZoLlZtI-tYr58j0Y5NtVntqcqwvUCSoBENTcr-_533a_MAU2xSBiTHsaAtgdEALw_wcB,car_searches,2026-01-27 20:26:40-0500,3.95,USD,,
Cj0KCQiA4eHLBhCzARIsAJ2NZoLmTII9ZJXMHHOnM6SiCQQP0EW9y4YvJXx_ppjFlPfCbhu96PqBftYaAhTFEALw_wcB,car_searches,2026-01-27 15:19:48-0500,3.6,USD,,
Cj0KCQiA4eHLBhCzARIsAJ2NZoLNiMojtsj8ufwNdwwm9sHmJsBdSzC9IxYkXkXMXlKpaPEK0WN89_IaAgvlEALw_wcB,car_searches,2026-01-27 17:58:06-0500,3.17,USD,,
Cj0KCQiA4eHLBhCzARIsAJ2NZoLNV0TqCDF_R1zxJ3-unHnFBstkNmf9gbHR0rXtOEDPzcZZAwaFAnIaAszSEALw_wcB,car_searches,2026-01-27 20:49:33-0500,1.89,USD,,
Cj0KCQiA4eHLBhCzARIsAJ2NZoLOQx6-6frAMQxe4_QnrwANhvDQV7eIS5ejpg13OO_5lr7wOwOcg8QaAnCZEALw_wcB,car_searches,2026-01-27 13:38:13-0500,1.41,USD,,
Cj0KCQiA4eHLBhCzARIsAJ2NZoLpAtlyXOzNPCYGCCmatDZaFBcXAv4ZWievhXKexwb_8pFlIE7pxjAaAiLSEALw_wcB,car_searches,2026-01-27 16:35:47-0500,4.75,USD,,
Cj0KCQiA4eHLBhCzARIsAJ2NZoLPn2xN9seJhq0OMyHQZiY2lXxR5GbuioEjoAOs5bLMikrPx0RMtecaAqerEALw_wcB,car_searches,2026-01-27 15:45:13-0500,1.48,USD,,
Cj0KCQiA4eHLBhCzARIsAJ2NZoLqspQzEYf2B5AVlL6yI3VJSvJJQxQBQtktlFYtlLgOeMd5g6rDxpIaAl0gEALw_wcB,car_searches,2026-01-27 23:38:17-0500,1.47,USD,,
Cj0KCQiA4eHLBhCzARIsAJ2NZoLRHny9o9A-zx2j1BUrg0HA9XubvsBcSzT8QO1HeFJ6AShbX4GxipwaAoQvEALw_wcB,car_searches,2026-01-27 12:57:10-0500,2.73,USD,,
Cj0KCQiA4eHLBhCzARIsAJ2NZoLSetCU-NvModVzQa26-Zbw7ebW9-Ul3ywfKnfeRZdyKReucE2f3PEaAob3EALw_wcB,car_searches,2026-01-27 03:11:10-0500,2.4,USD,,
Cj0KCQiA4eHLBhCzARIsAJ2NZoLSiUzemDeEZQTtbiXi5HFEwOwfMbW5fJte34h7tBlNNGPWalewGU8aArPJEALw_wcB,car_searches,2026-01-27 18:18:44-0500,1.81,USD,,
Cj0KCQiA4eHLBhCzARIsAJ2NZoLsvIZJTmyLP3e7PuoFjHhvzvzO37YpDarovxOzJONCld5yfwEc8LkaAk-SEALw_wcB,car_searches,2026-01-27 18:46:41-0500,2.39,USD,,
Cj0KCQiA4eHLBhCzARIsAJ2NZoLt8cFJdIV9MxeJT2p5jxWZ6TkYLsZgMnHkcO3n6hNdeVpcuqf1KGIaAqZlEALw_wcB,car_searches,2026-01-27 08:09:38-0500,2.77,USD,,
Cj0KCQiA4eHLBhCzARIsAJ2NZoLtux2w_OsMz3sFjW9IHJp84gFIvWbq0i7iCzlw33i4fVmJqVecgMEaAjP6EALw_wcB,car_searches,2026-01-27 22:29:54-0500,2.22,USD,,
Cj0KCQiA4eHLBhCzARIsAJ2NZoLuh6MmFeSUdcBeAUDh7R4Jv0wP-9-SLm2EEyOuNT3WJAG13JirG_4aAqCWEALw_wcB,car_searches,2026-01-27 22:19:56-0500,1.47,USD,,
Cj0KCQiA4eHLBhCzARIsAJ2NZoLV-0JwiEajzbawJ7VAk1jks9W3HtsBGBiF53p3Jki0uUUHJuAyvv0aAu82EALw_wcB,car_searches,2026-01-27 20:52:04-0500,2.13,USD,,
Cj0KCQiA4eHLBhCzARIsAJ2NZoLVKcdsLq3hR9B_UXdATs4qKhsZKr2SaFNSS34WHBXcPOmyyv8ufKcaArfeEALw_wcB,car_searches,2026-01-27 20:46:19-0500,1.24,USD,,
Cj0KCQiA4eHLBhCzARIsAJ2NZoLvtjkDnh9yMf1mqmcbvFRt2_84fqLJnj_XU2vOtiecqgRsf6qbHwwaAlMiEALw_wcB,car_searches,2026-01-27 23:06:20-0500,7.61,USD,,
Cj0KCQiA4eHLBhCzARIsAJ2NZoLWOtopxwKyb0pQSQCFGywTfeBYP6CCV1PRL0F7o1eoS09dqXzcs8UaAl-7EALw_wcB,car_searches,2026-01-27 22:20:46-0500,6.54,USD,,
Cj0KCQiA4eHLBhCzARIsAJ2NZoLy_UtpOv4sCKopCwMbU-QANsCTtAfqE180Llcm2OKbj1WiYuZ-9KMaAltNEALw_wcB,car_searches,2026-01-27 12:33:20-0500,2.48,USD,,
Cj0KCQiA4eHLBhCzARIsAJ2NZoLzKi1rmxkw4IzLc-klc6tCRVLTxAGaflWgsBzpH4cgG495twXqO0MaAhoBEALw_wcB,car_searches,2026-01-27 15:19:51-0500,2.53,USD,,
Cj0KCQiAvtzLBhCPARIsALwhxdo3hxyfVQFM8kzHkdHJfdqrHdn0v8mgv-pqd6KOZqZ9mKhnZA4h02YaAhFbEALw_wcB,car_searches,2026-01-27 00:23:00-0500,2.1,USD,,
Cj0KCQiAvtzLBhCPARIsALwhxdo6JtBQOAx1rJ8f-LaylLKgkgjiDRYWISIufOUY5C823W4tzhyQ2SYaAun5EALw_wcB,car_searches,2026-01-27 09:16:45-0500,3.41,USD,,
Cj0KCQiAvtzLBhCPARIsALwhxdpusTpYxuRaOvzfX9Lst0awElLAajeBkR67y7lpnsbWTl2iuiGNbN4aAu41EALw_wcB,car_searches,2026-01-27 01:56:49-0500,1.28,USD,,
Cj0KCQiAvtzLBhCPARIsALwhxdqbhatY_wP2cJGgiSGuV771b-p6kZKqwVH7TSpUflzZnX2lZ2nykyMaAv0REALw_wcB,car_searches,2026-01-27 00:00:40-0500,1.27,USD,,
Cj0KCQiAvtzLBhCPARIsALwhxdqWeOEIj9n2lDs8HjTo-d0RRVHccr8kEsnqx3iQrhM5o0vxok3FfpIaArXTEALw_wcB,car_searches,2026-01-27 00:21:17-0500,4.34,USD,,
Cj0KCQiAvtzLBhCPARIsALwhxdqYJp7J_S7XN50TWzWylkSzsmPSqyrvdZ9d88lm4qzSkit1BkyJksMaAtznEALw_wcB,car_searches,2026-01-27 01:21:04-0500,6.26,USD,,
EAIaIQobChMI_fD_8cGskgMVNDgIBR2HKxGMEAAYBCAAEgKD3fD_BwE,car_searches,2026-01-27 15:10:21-0500,1.82,USD,,
EAIaIQobChMI_MD2o56tkgMVDktHAR0uSCIEEAAYASAAEgKv7vD_BwE,car_searches,2026-01-27 21:58:00-0500,3.55,USD,,
EAIaIQobChMI_ZO049yrkgMV9dLCBB2tZTUZEAAYASAAEgKC__D_BwE,car_searches,2026-01-27 07:32:15-0500,3.5,USD,,
EAIaIQobChMI-8XX-aKskgMV4zMIBR2h3Qu9EAAYASAAEgLAv_D_BwE,car_searches,2026-01-27 12:46:13-0500,1.47,USD,,
EAIaIQobChMI-uHS7dSskgMVeSXUAR2loxALEAAYASAAEgIndvD_BwE,car_searches,2026-01-27 16:34:41-0500,4.71,USD,,
EAIaIQobChMI0YC2upKskgMVlMzCBB0ACCYVEAAYAiAAEgL3hvD_BwE,car_searches,2026-01-27 11:32:34-0500,2.71,USD,,
EAIaIQobChMI1MKVpaStkgMV_G5HAR2b4BBVEAAYASAAEgJWavD_BwE,car_searches,2026-01-27 22:24:28-0500,1.84,USD,,
EAIaIQobChMI3fqLrPmskgMVRTQIBR1T_RaLEAAYASAAEgJ0JvD_BwE,car_searches,2026-01-27 19:12:59-0500,1.6,USD,,
EAIaIQobChMI4-SBvIWskgMVWhGtBh16ix_xEAAYASAAEgKf8vD_BwE,car_searches,2026-01-27 10:34:03-0500,2.42,USD,,
EAIaIQobChMI4Iqe2IetkgMVhNHCBB2_uw9NEAAYAiAAEgKiZ_D_BwE,car_searches,2026-01-27 20:16:33-0500,10.28,USD,,
EAIaIQobChMI4rL_mtirkgMVrHFHAR0L1hqYEAAYASAAEgIyqfD_BwE,car_searches,2026-01-27 07:11:08-0500,2.12,USD,,
EAIaIQobChMI59yX7cyskgMVRzQIBR2oAiRREAAYASAAEgICqvD_BwE,car_searches,2026-01-27 15:53:10-0500,2.71,USD,,
EAIaIQobChMI78XW_7-skgMVrzIIBR22jjWWEAAYASAAEgKYcfD_BwE,car_searches,2026-01-27 14:57:11-0500,1.8,USD,,
EAIaIQobChMI7a_loPGskgMVyy6tBh0H9gQrEAAYASAAEgJBI_D_BwE,car_searches,2026-01-27 18:39:35-0500,4.8,USD,,
EAIaIQobChMI7cfRsKyskgMV3gKtBh0biCMHEAAYAiAAEgLSTvD_BwE,car_searches,2026-01-27 13:30:04-0500,1.81,USD,,
EAIaIQobChMI88CVhqOskgMV-QutBh3z-i1kEAAYBCAAEgIhQfD_BwE,car_searches,2026-01-27 12:46:23-0500,2.15,USD,,
EAIaIQobChMI95Gcy6utkgMVcy-tBh3f6A8hEAAYASABEgIkZvD_BwE,car_searches,2026-01-27 22:57:29-0500,1.14,USD,,
EAIaIQobChMI9cbl4OyrkgMVk05HAR22SDXvEAAYASAAEgK9WvD_BwE,car_searches,2026-01-27 08:43:14-0500,5.79,USD,,
EAIaIQobChMIgIGeoKSskgMVijYIBR1bTgSUEAAYASAAEgJsYvD_BwE,car_searches,2026-01-27 12:51:23-0500,3.07,USD,,
EAIaIQobChMIgJDb8aqskgMV_kt_AB0euhHiEAAYAiAAEgJE0_D_BwE,car_searches,2026-01-27 13:21:07-0500,7.42,USD,,
EAIaIQobChMIgtjBhruskgMVRgOtBh2ruT0oEAAYAiAAEgJDy_D_BwE,car_searches,2026-01-27 14:33:24-0500,8.01,USD,,
EAIaIQobChMIicqz6pqskgMVXZVQBh1oJif1EAMYAiAAEgLEIfD_BwE,car_searches,2026-01-27 12:10:15-0500,3.44,USD,,
EAIaIQobChMIiMLRj4eskgMV-JpQBh0aMjqTEAAYASAAEgLtifD_BwE,car_searches,2026-01-27 10:41:22-0500,1.2,USD,,
EAIaIQobChMIiqGGk9SskgMVtymtBh2-jBvUEAAYBCAAEgIrOPD_BwE,car_searches,2026-01-27 16:25:51-0500,4.78,USD,,
EAIaIQobChMIirLUqYuskgMVUWFHAR0GVwLTEAAYASAAEgKsTfD_BwE,car_searches,2026-01-27 11:00:11-0500,1.61,USD,,
EAIaIQobChMIiv_85rKskgMVxDcIBR3nOSGKEAAYAiAAEgLH1fD_BwE,car_searches,2026-01-27 14:00:16-0500,1.44,USD,,
EAIaIQobChMIj_6_kPGskgMV1jUIBR2XNgMvEAAYASAAEgLnQPD_BwE,car_searches,2026-01-27 18:36:41-0500,1.6,USD,,
EAIaIQobChMIj-mv4baskgMV_gutBh151ANYEAAYAiAEEgKxdvD_BwE,car_searches,2026-01-27 14:18:38-0500,5.2,USD,,
EAIaIQobChMIkJr7-NiskgMVh0n_AR1PviCvEAAYASAAEgIA2fD_BwE,car_searches,2026-01-27 16:47:10-0500,7.01,USD,,
EAIaIQobChMImce18OaskgMVzl3_AR0QGTGkEAAYASAAEgI_SPD_BwE,car_searches,2026-01-27 17:50:59-0500,1.8,USD,,
EAIaIQobChMImf7enOeskgMVn5VQBh1t6RcFEAAYAiAAEgIkGvD_BwE,car_searches,2026-01-27 17:51:16-0500,3.44,USD,,
EAIaIQobChMImfjc3O-skgMVgWlHAR2APAo1EAAYBCAAEgJAyfD_BwE,car_searches,2026-01-27 18:51:17-0500,1.13,USD,,
EAIaIQobChMInbmlxfuskgMVnVJHAR0w6jdIEAAYAiAAEgIEK_D_BwE,car_searches,2026-01-27 19:22:35-0500,3.25,USD,,
EAIaIQobChMIndTyga-skgMVJAKtBh2_wTg1EAAYAyAAEgJu0fD_BwE,car_searches,2026-01-27 13:40:23-0500,3.12,USD,,
EAIaIQobChMInKLT1piskgMVIDQIBR36AhkaEAAYAiAAEgIeIfD_BwE,car_searches,2026-01-27 12:01:07-0500,1.9,USD,,
EAIaIQobChMIoueUkoOskgMVSxuDAx22QxUzEAAYAiAAEgIjTPD_BwE,car_searches,2026-01-27 10:24:55-0500,0.96,USD,,
EAIaIQobChMIovuq6e-rkgMVESZECB1YUQQcEAMYASAAEgLTtPD_BwE,car_searches,2026-01-27 08:57:10-0500,2.21,USD,,
EAIaIQobChMIp_SuwbeskgMValN_AB2jnSLoEAAYASAAEgKpqPD_BwE,car_searches,2026-01-27 14:18:40-0500,3.42,USD,,
EAIaIQobChMIp7XY5MmskgMV6iGtBh0ZCyjMEAAYASABEgKBOfD_BwE,car_searches,2026-01-27 15:39:52-0500,1.44,USD,,
EAIaIQobChMIppiqrI-tkgMVaXNHAR1tuTbFEAAYASAAEgIzRvD_BwE,car_searches,2026-01-27 20:50:53-0500,2.13,USD,,
EAIaIQobChMIpsDdhY2skgMVrVBHAR0Pywo8EAAYASAAEgJUKfD_BwE,car_searches,2026-01-27 11:09:31-0500,2.22,USD,,
EAIaIQobChMIq4b6mpqrkgMVccJMAh0_UDDNEAAYASAAEgLHBvD_BwE,car_searches,2026-01-27 02:34:21-0500,1.34,USD,,
EAIaIQobChMIq4jKm8OskgMVizWtBh3dewsBEAAYAiAAEgKqIPD_BwE,car_searches,2026-01-27 15:10:38-0500,3.2,USD,,
EAIaIQobChMIq7CMgveskgMVBmhBAh05qyZmEAAYASAAEgK3ZvD_BwE,car_searches,2026-01-27 19:03:16-0500,2.39,USD,,
EAIaIQobChMIs4KynZitkgMVUWhHAR1QnAhBEAAYASAAEgJksPD_BwE,car_searches,2026-01-27 21:30:27-0500,3.07,USD,,
EAIaIQobChMIs7v4pKCskgMVtQ-tBh2D8SnxEAAYAiAAEgLfJvD_BwE,car_searches,2026-01-27 12:35:21-0500,8.01,USD,,
EAIaIQobChMIsN-s3t2rkgMVhdHCBB2nNi9lEAAYASAEEgJ1aPD_BwE,car_searches,2026-01-27 07:36:51-0500,5.74,USD,,
EAIaIQobChMIsZOqiNOskgMV6zIIBR0eVQGgEAAYAiAAEgKeTfD_BwE,car_searches,2026-01-27 16:20:51-0500,2.1,USD,,
EAIaIQobChMItYeLt9qskgMVREb_AR37AQFQEAAYASAAEgKPEPD_BwE,car_searches,2026-01-27 16:54:47-0500,3.13,USD,,
EAIaIQobChMIu_Hulp-tkgMVjFZHAR0KYgizEAAYAiAAEgIemPD_BwE,car_searches,2026-01-27 22:13:31-0500,3.43,USD,,
EAIaIQobChMIu7qmg5utkgMV0kb_AR0dFi6bEAAYAiAAEgLqdfD_BwE,car_searches,2026-01-27 21:53:43-0500,3.04,USD,,
EAIaIQobChMIuv65p8OskgMVMjYIBR26rwnvEAAYASAAEgJlPPD_BwE,car_searches,2026-01-27 15:13:12-0500,4.81,USD,,
EAIaIQobChMIvNS1r5utkgMVpx6tBh2YXQ2KEAAYAiAAEgLz_PD_BwE,car_searches,2026-01-27 21:46:16-0500,3,USD,,
EAIaIQobChMIx-_F3oSrkgMVHRetBh1HPCt9EAAYASADEgIC_vD_BwE,car_searches,2026-01-27 00:58:05-0500,2.98,USD,,
EAIaIQobChMIx4H2w6SskgMVuTYIBR0bVRT2EAAYAiAAEgJAj_D_BwE,car_searches,2026-01-27 12:57:28-0500,2,USD,,
EAIaIQobChMIxdyWpuWskgMVCkb_AR0xByRlEAAYAyAAEgI8pfD_BwE,car_searches,2026-01-27 17:43:00-0500,4.5,USD,,
EAIaIQobChMIxffk4e6skgMVTjcIBR16ChUdEAAYASAAEgJF1_D_BwE,car_searches,2026-01-27 18:24:52-0500,3.39,USD,,
EAIaIQobChMIxoHL6KWskgMVvUT_AR0WFBkhEAAYAiAAEgIq7PD_BwE,car_searches,2026-01-27 13:05:05-0500,1.53,USD,,
EAIaIQobChMIy9CNopmtkgMVWjUIBR14CRW8EAAYASAFEgK11fD_BwE,car_searches,2026-01-27 21:35:15-0500,1.8,USD,,
EAIaIQobChMIyJSFnuKskgMVyh-tBh3qByUFEAAYAiAAEgJ3ivD_BwE,car_searches,2026-01-27 17:29:20-0500,1.57,USD,,
EAIaIQobChMIzNfNmu-skgMV7V5HAR0RMCKVEAAYASAAEgLYDfD_BwE,car_searches,2026-01-27 18:27:04-0500,7.27,USD,,
EAIaIQobChMIzPrLj5WskgMVW0n_AR1WyxSKEAAYAyAAEgKOs_D_BwE,car_searches,2026-01-27 11:44:05-0500,2.4,USD,,
EAIaIQobChMIzYD856uskgMVojMIBR3PryisEAAYAyAAEgIEOPD_BwE,car_searches,2026-01-27 13:27:49-0500,2.4,USD,,